<?xml version="1.0" encoding="UTF-8"?>
<project-private xmlns="http://www.netbeans.org/ns/project-private/1">
    <editor-bookmarks xmlns="http://www.netbeans.org/ns/editor-bookmarks/2" lastBookmarkId="0"/>
    <open-files xmlns="http://www.netbeans.org/ns/projectui-open-files/2">
        <group>
            <file>file:/C:/Users/laboratorio/Documents/NetBeansProjects/Hotelaria1/src/View/Menu.java</file>
            <file>file:/C:/Users/laboratorio/Documents/NetBeansProjects/Hotelaria1/src/View/TelaCadastro.java</file>
            <file>file:/C:/Users/laboratorio/Documents/NetBeansProjects/Hotelaria1/src/View/TelaCadQuartos.java</file>
            <file>file:/C:/Users/laboratorio/Documents/NetBeansProjects/Hotelaria1/src/View/TelaConsulmo.java</file>
            <file>file:/C:/Users/laboratorio/Documents/NetBeansProjects/Hotelaria1/src/View/teladeMenu.java</file>
            <file>file:/C:/Users/laboratorio/Documents/NetBeansProjects/Hotelaria1/src/View/TelaReservas.java</file>
        </group>
    </open-files>
</project-private>
